{"forearm":{"rotation":[0.048749877172666906,0.00495784768617326,0.08307001220444242,"XYZ"],"position":[-0.00025543535593897104,0.004296925850212575,0.0011335760354995728]},"hand_joint":{"rotation":[-0.08300861023029193,0.2224684030727021,-0.15141585552441894,"XYZ"],"position":[-6.557456783790831e-10,0.13175277411937714,4.729372437293003e-10]},"middle_bone":{"rotation":[0.08387635602967435,0.011533794825161692,0.03861048813958218,"XYZ"],"position":[1.280568536626836e-9,0.021575268357992172,6.984919292268854e-10]},"middle_prox":{"rotation":[0.03258229159850501,0.07134043533851245,0.06920692014141351,"XYZ"],"position":[9.313225780849255e-10,0.06706817448139196,-8.149072512706607e-10]},"middle_inter":{"rotation":[0.11735863974626128,0.014308188949035273,0.006553276007614874,"XYZ"],"position":[6.98491924022715e-10,0.05228517204523084,-1.280568540096283e-8]},"middle_dist":{"rotation":[-0.08189732378072133,0.008787467108203904,-0.04588426498793125,"XYZ"],"position":[5.587935447692871e-9,0.03486231714487076,-1.0477378964424133e-8]},"middle_dist_end":{"rotation":[8.326672684688674e-17,2.7755575615628914e-17,1.387778780781446e-17,"XYZ"],"position":[6.938893903907228e-18,0.024068115279078456,0]},"little_bone":{"rotation":[0.05746152134320048,0.372136733749551,-0.6264824659098883,"XYZ"],"position":[1.280568536626836e-9,0.021575268357992172,6.984919292268854e-10]},"little_prox":{"rotation":[-1.6623830910159862,-0.2998927531220176,-0.26467511887446393,"XYZ"],"position":[-7.45058058304604e-9,0.06685467064380644,2.3283064287324406e-9]},"little_inter":{"rotation":[-1.6307100813177602,0.04749006162775337,0.007817964926796164,"XYZ"],"position":[3.72529029152302e-9,0.0404284633696079,3.725290298461914e-9]},"little_dist":{"rotation":[-1.7699757210305185,0.10801023045933547,-0.1401944305820671,"XYZ"],"position":[5.587935447692871e-9,0.02343771979212761,8.381903199294882e-9]},"little_dist_end":{"rotation":[6.355568816477878e-33,-5.551115123125781e-17,6.938893903907228e-18,"XYZ"],"position":[-2.7755575615628914e-17,0.021018262952566147,0]},"ring_bone":{"rotation":[0.0628656392150466,0.17755055149492754,-0.2880689798426803,"XYZ"],"position":[1.280568536626836e-9,0.021575268357992172,6.984919292268854e-10]},"ring_prox":{"rotation":[-1.4799239778583444,-0.09850405311910511,-0.03710732010242852,"XYZ"],"position":[3.1723175197839737e-9,0.06529831141233444,-1.7462298274040222e-9]},"ring_inter":{"rotation":[-1.9342882157606027,-0.10093246922507278,-0.16052959783661003,"XYZ"],"position":[2.7939677307853295e-9,0.05183790624141696,-5.122274160385132e-9]},"ring_dist":{"rotation":[-1.0404785125919755,-0.019014368568497135,0.03786251158634321,"XYZ"],"position":[4.6566128730773926e-9,0.0265180803835392,-2.7939677238464355e-9]},"ring_dist_end":{"rotation":[2.775557561562892e-17,-5.777789833161711e-34,-4.163336342344338e-17,"XYZ"],"position":[-6.938893903907228e-18,0.023897070437669754,0]},"index_bone":{"rotation":[0.016889961659866812,0.0820815750835675,0.35550888107921935,"XYZ"],"position":[1.280568536626836e-9,0.021575268357992172,6.984919292268854e-10]},"index_prox":{"rotation":[0.016757050791199834,-0.03168280603803355,0.16434576521146063,"XYZ"],"position":[-3.725290305400808e-9,0.0678924843668938,4.656612873077393e-10]},"index_inter":{"rotation":[-0.06971098406915711,0.03304058260153888,-0.0525202457413467,"XYZ"],"position":[-3.2068783357985797e-9,0.04774577543139458,-9.677023765641835e-10]},"index_dist":{"rotation":[0.292149194793216,-0.010077218264427269,-0.04154879479362664,"XYZ"],"position":[1.3877787807814457e-17,0.03056524507701397,1.3038516072372275e-8]},"index_dist_end":{"rotation":[2.775557561562892e-17,-3.815036394433368e-18,3.852305844112558e-17,"XYZ"],"position":[0,0.022939465939998627,0]},"thumb_prox":{"rotation":[-1.0957914961427404,-0.17116591293055367,0.6283129348278467,"XYZ"],"position":[-0.016128780320286754,0.15877000987529752,-0.008183192461729048]},"thumb_inter":{"rotation":[0.2137019177689592,-0.18732890277828498,-1.0612509556844705,"XYZ"],"position":[8.381903157661519e-9,0.03981605172157285,2.561137066314778e-9]},"thumb_dist":{"rotation":[0.07522355044642284,0.002072213620143826,-0.9546779501789417,"XYZ"],"position":[-9.313225884932663e-10,0.03507385402917862,3.725290312339702e-9]},"thumb_dist_end":{"rotation":[-2.7755575615628914e-17,-2.7755575615628914e-17,-5.898059818321143e-17,"XYZ"],"position":[6.938893903907228e-18,0.03622085601091385,0]}}